{
  "rewrites": [
    {
      "source": "/api/:path*",
      "destination": "https://nova-alpha-seven.replit.app/api/:path*"
    },
    {
      "source": "/(.*)",
      "destination": "/$1"
    }
  ],
  "headers": [
    {
      "source": "/api/(.*)",
      "headers": [
        { "key": "Access-Control-Allow-Credentials", "value": "true" },
        { "key": "Access-Control-Allow-Origin", "value": "*" },
        { "key": "Access-Control-Allow-Methods", "value": "GET,POST,PUT,DELETE,OPTIONS" },
        { "key": "Access-Control-Allow-Headers", "value": "X-Requested-With, Content-Type, Accept, Authorization" }
      ]
    }
  ]
}