{
  "version": 2,
  "buildCommand": "vite build",
  "outputDirectory": "dist/public",
  "framework": "vite",
  "public": true,
  "rewrites": [
    {
      "source": "/api/(.*)",
      "destination": "https://49c11d52-b1fc-4151-bb61-b9097616c44f-00-3h2ne9cwwtbvn.janeway.replit.dev/api/$1"
    },
    {
      "source": "/(.*)",
      "destination": "/index.html"
    }
  ],
  "headers": [
    {
      "source": "/assets/(.*)",
      "headers": [
        {
          "key": "Cache-Control",
          "value": "public, max-age=31536000, immutable"
        }
      ]
    },
    {
      "source": "/(.*\\.css)",
      "headers": [
        {
          "key": "Content-Type",
          "value": "text/css"
        },
        {
          "key": "Cache-Control",
          "value": "public, max-age=31536000, immutable"
        }
      ]
    },
    {
      "source": "/(.*\\.js)",
      "headers": [
        {
          "key": "Content-Type",
          "value": "application/javascript"
        },
        {
          "key": "Cache-Control",
          "value": "public, max-age=31536000, immutable"
        }
      ]
    },
    {
      "source": "/api/(.*)",
      "headers": [
        {
          "key": "Access-Control-Allow-Origin",
          "value": "*"
        },
        {
          "key": "Access-Control-Allow-Methods",
          "value": "GET, POST, PUT, DELETE, PATCH, OPTIONS"
        },
        {
          "key": "Access-Control-Allow-Headers",
          "value": "X-Requested-With, Content-Type, Accept, Authorization"
        }
      ]
    }
  ]
}