{
  "lessonId": 6,
  "title": "Как работает машинное обучение",
  "structure": {
    "hook": {
      "title": "Машины, которые учатся",
      "content": "<p>Представьте, что вместо того, чтобы программировать компьютер выполнять конкретные задачи шаг за шагом, вы даете ему способность учиться на примерах.</p><p>Как ребенок учится различать кошек и собак, видя множество разных животных, так и алгоритмы машинного обучения анализируют тысячи или миллионы примеров, находят закономерности и формируют собственное 'понимание' данных.</p><p>Как бы вы научили компьютер распознавать рукописные цифры? Или диагностировать болезнь по симптомам? Или переводить с одного языка на другой? Традиционное программирование здесь сталкивается с непреодолимыми препятствиями. Машинное обучение предлагает другой подход.</p>",
      "imageUrl": "/images/lessons/ml-learning-process.svg"
    },
    "explain": {
      "title": "Основы машинного обучения",
      "content": "<p>Машинное обучение (Machine Learning, ML) — это подход к созданию ИИ, при котором алгоритмы улучшают свою производительность с опытом, используя данные для обучения.</p><p>В отличие от традиционного программирования, где разработчик явно определяет правила для решения задачи, в машинном обучении алгоритмы самостоятельно выявляют закономерности в данных.</p><h4 class='text-lg font-medium text-primary mt-4 mb-2'>Основные типы машинного обучения:</h4><ol class='list-decimal list-inside space-y-2'><li><strong>Обучение с учителем (Supervised Learning)</strong> — алгоритм обучается на размеченных данных, где известен правильный ответ</li><li><strong>Обучение без учителя (Unsupervised Learning)</strong> — алгоритм ищет структуру и закономерности в неразмеченных данных</li><li><strong>Обучение с подкреплением (Reinforcement Learning)</strong> — алгоритм учится через взаимодействие с окружающей средой, получая награды или штрафы</li></ol>"
    },
    "demo": {
      "title": "Процесс машинного обучения",
      "content": "<p>Давайте рассмотрим процесс машинного обучения на примере классификации электронных писем на спам и не-спам:</p><div class='space-y-4 mt-4'><div class='bg-space-800/60 p-4 rounded-lg border border-space-700'><h4 class='font-medium text-primary mb-2'>1. Сбор и подготовка данных</h4><p>Собираем тысячи примеров электронных писем, часть которых помечена как спам, а часть — как обычные сообщения.</p></div><div class='bg-space-800/60 p-4 rounded-lg border border-space-700'><h4 class='font-medium text-primary mb-2'>2. Извлечение признаков</h4><p>Преобразуем текст писем в числовые признаки, которые модель может анализировать: частота определенных слов, структура письма, наличие ссылок и т.д.</p></div><div class='bg-space-800/60 p-4 rounded-lg border border-space-700'><h4 class='font-medium text-primary mb-2'>3. Обучение модели</h4><p>Алгоритм находит закономерности, позволяющие различать спам и обычные сообщения, настраивая внутренние параметры на основе обучающих примеров.</p></div><div class='bg-space-800/60 p-4 rounded-lg border border-space-700'><h4 class='font-medium text-primary mb-2'>4. Оценка и улучшение</h4><p>Тестируем модель на данных, которые она не видела при обучении, оцениваем точность и настраиваем параметры для улучшения результатов.</p></div><div class='bg-space-800/60 p-4 rounded-lg border border-space-700'><h4 class='font-medium text-primary mb-2'>5. Развертывание</h4><p>Интегрируем обученную модель в почтовую систему, где она будет автоматически классифицировать входящие сообщения.</p></div></div>"
    },
    "quickTry": {
      "type": "interactive",
      "title": "Практика машинного обучения",
      "introduction": "<p>Давайте проверим ваше понимание основных концепций машинного обучения и попрактикуемся в решении простых задач.</p>",
      "interactiveElements": [
        {
          "type": "quiz",
          "question": "Какой тип машинного обучения использует модель для классификации фотографий котов и собак, если у вас есть тысячи изображений с метками?",
          "options": [
            {
              "id": "1",
              "text": "Обучение с учителем (Supervised Learning)",
              "isCorrect": true
            },
            {
              "id": "2",
              "text": "Обучение без учителя (Unsupervised Learning)",
              "isCorrect": false
            },
            {
              "id": "3",
              "text": "Обучение с подкреплением (Reinforcement Learning)",
              "isCorrect": false
            },
            {
              "id": "4",
              "text": "Активное обучение (Active Learning)",
              "isCorrect": false
            }
          ],
          "explanation": "Обучение с учителем (Supervised Learning) подходит для этой задачи, поскольку у нас есть размеченные данные — изображения с метками 'кот' или 'собака'. Модель обучается на этих примерах и учится различать эти два класса на новых изображениях."
        },
        {
          "type": "quiz",
          "question": "Что является основной задачей этапа 'Извлечение признаков' в процессе машинного обучения?",
          "options": [
            {
              "id": "1",
              "text": "Создание синтетических данных для увеличения размера обучающей выборки",
              "isCorrect": false
            },
            {
              "id": "2",
              "text": "Преобразование исходных данных в формат, понятный модели машинного обучения",
              "isCorrect": true
            },
            {
              "id": "3",
              "text": "Выбор наиболее подходящего алгоритма машинного обучения для решения задачи",
              "isCorrect": false
            },
            {
              "id": "4",
              "text": "Оценка точности модели на тестовых данных",
              "isCorrect": false
            }
          ],
          "explanation": "Извлечение признаков (Feature Extraction) — это процесс преобразования исходных данных (текста, изображений, звука и т.д.) в числовые или категориальные признаки, которые могут быть использованы алгоритмами машинного обучения. Это критический этап, от качества которого сильно зависит эффективность обучения модели."
        },
        {
          "type": "practical",
          "title": "Разработка простого классификатора",
          "instructions": "В этом упражнении вы рассмотрите шаги создания простого классификатора текста.",
          "taskDescription": "<p>Представьте, что вы разрабатываете модель для классификации отзывов на фильмы на положительные и отрицательные. Опишите основные шаги процесса, включая:</p><ol><li>Какие данные вам понадобятся для обучения?</li><li>Какие признаки вы бы выделили из текста отзывов?</li><li>Какой тип модели машинного обучения вы бы использовали?</li><li>Как бы вы оценили точность вашего классификатора?</li></ol>",
          "hints": [
            "Для обучения вам понадобятся размеченные данные: отзывы с известной оценкой (положительной или отрицательной).",
            "В качестве признаков можно использовать частоту слов, n-граммы, наличие определенных эмоционально окрашенных слов, длину отзыва и другие текстовые характеристики.",
            "Для классификации текста можно использовать алгоритмы вроде Naive Bayes, SVM или нейронные сети, специализированные для обработки текста."
          ]
        },
        {
          "type": "text",
          "content": "<div class='bg-indigo-900/30 border border-indigo-700 p-4 rounded-lg'><h4 class='text-indigo-400 font-medium mb-2'>Ключевые понятия этого урока:</h4><ul class='list-disc list-inside space-y-1 text-white/90'><li><strong>Машинное обучение</strong> — подход к созданию ИИ, при котором алгоритмы улучшают свою работу с опытом</li><li><strong>Обучение с учителем</strong> — тип ML, использующий размеченные данные для обучения</li><li><strong>Обучение без учителя</strong> — поиск структуры в неразмеченных данных</li><li><strong>Признаки (features)</strong> — характеристики данных, используемые алгоритмами для обучения</li><li><strong>Переобучение (overfitting)</strong> — когда модель слишком хорошо работает на обучающих данных, но плохо обобщает на новые примеры</li></ul></div>"
        }
      ]
    },
    "reflect": {
      "title": "Возможности и ограничения",
      "content": "<p>Машинное обучение произвело революцию в искусственном интеллекте, позволив создавать системы, которые успешно решают задачи, с которыми традиционные алгоритмы не справлялись.</p><h4 class='text-lg font-medium text-primary mt-4 mb-2'>Ключевые выводы:</h4><ul class='space-y-2'><li>Машинное обучение позволяет создавать системы, которые улучшаются с опытом, не требуя явного программирования</li><li>Качество данных имеет решающее значение для успеха моделей машинного обучения</li><li>Существуют разные типы машинного обучения для различных задач и доступных данных</li><li>Процесс машинного обучения — это итеративный цикл, включающий сбор данных, обучение, оценку и улучшение</li></ul><h4 class='text-lg font-medium text-primary mt-4 mb-2'>Вопросы для размышления:</h4><ol class='list-decimal list-inside space-y-2'><li>Какие этические проблемы могут возникнуть, если модель машинного обучения обучается на необъективных данных?</li><li>Как можно объяснить решения, принимаемые моделями машинного обучения, особенно в критически важных областях, таких как медицина или юриспруденция?</li><li>В каких областях, по вашему мнению, машинное обучение произведет наибольшие изменения в ближайшие 5-10 лет?</li></ol>"
    }
  }
}