{
  "version": 2,
  "framework": "vite",
  "buildCommand": "npm run build",
  "outputDirectory": "dist",
  "installCommand": "npm install",
  "devCommand": "npm run dev",
  "env": {
    "DATABASE_URL": "@database_url",
    "OPENAI_API_KEY": "@openai_api_key",
    "ANTHROPIC_API_KEY": "@anthropic_api_key"
  },
  "functions": {
    "server/index.ts": {
      "runtime": "nodejs18.x"
    }
  },
  "rewrites": [
    {
      "source": "/api/(.*)",
      "destination": "/server/index.ts"
    },
    {
      "source": "/((?!api).*)",
      "destination": "/index.html"
    }
  ],
  "headers": [
    {
      "source": "/api/(.*)",
      "headers": [
        {
          "key": "Access-Control-Allow-Credentials",
          "value": "true"
        },
        {
          "key": "Access-Control-Allow-Origin",
          "value": "*"
        },
        {
          "key": "Access-Control-Allow-Methods",
          "value": "GET, POST, PUT, DELETE, OPTIONS"
        },
        {
          "key": "Access-Control-Allow-Headers",
          "value": "X-CSRF-Token, X-Requested-With, Accept, Accept-Version, Content-Length, Content-MD5, Content-Type, Date, X-Api-Version"
        }
      ]
    }
  ]
}