{
  "version": 2,
  "framework": "vite",
  "buildCommand": "cd client && npm install && npm run build",
  "outputDirectory": "client/dist",
  "installCommand": "npm install",
  "public": true,
  "rewrites": [
    {
      "source": "/api/(.*)",
      "destination": "https://49c11d52-b1fc-4151-bb61-b9097616c44f-00-3h2ne9cwwtbvn.janeway.replit.dev/api/$1"
    },
    {
      "source": "/(.*)",
      "destination": "/index.html"
    }
  ],
  "headers": [
    {
      "source": "/(.*\\.(css|js|png|jpg|jpeg|gif|ico|svg))",
      "headers": [
        {
          "key": "Cache-Control",
          "value": "public, max-age=31536000, immutable"
        }
      ]
    }
  ]
}