{
  "lessonId": 5,
  "title": "Что такое искусственный интеллект?",
  "structure": {
    "hook": {
      "title": "Эволюция искусственного интеллекта",
      "content": "<p>Представьте, что вы можете путешествовать во времени. В 1950-х годах вы входите в комнату с огромной вычислительной машиной размером с дом, занимающей целое помещение. Ученые в белых халатах говорят о мечте создать 'думающую машину'.</p><p>Перенесёмся на 70 лет вперёд. В вашем кармане телефон, который в миллионы раз мощнее той машины. Он распознаёт ваш голос, переводит языки в реальном времени и может создавать изображения по вашему текстовому описанию.</p><p>Что изменилось? Как мы прошли этот путь? И главное — куда он нас ведёт?</p>",
      "imageUrl": "/images/lessons/ai-evolution-timeline.svg"
    },
    "explain": {
      "title": "Определение и эволюция ИИ",
      "content": "<p>Искусственный интеллект (ИИ) — это область компьютерных наук, которая стремится создать системы, способные выполнять задачи, традиционно требующие человеческого интеллекта.</p><p>Хотя термин 'искусственный интеллект' был впервые использован в 1956 году, идея создания 'думающих машин' существовала задолго до этого. Формально историю ИИ можно разделить на несколько ключевых периодов:</p><ul><li><strong>1950-е - 1970-е:</strong> Зарождение ИИ как области исследований. Тест Тьюринга, первые нейронные сети.</li><li><strong>1980-е - 1990-е:</strong> Экспертные системы, символическое представление знаний.</li><li><strong>2000-е - 2010-е:</strong> Машинное обучение, большие данные, глубокие нейронные сети.</li><li><strong>2010-е - настоящее время:</strong> Глубокое обучение, трансформеры, генеративные модели.</li></ul>"
    },
    "demo": {
      "title": "Современный ИИ: возможности и примеры",
      "content": "<p>Современные системы ИИ воплощают десятилетия исследований и революционные прорывы последних лет. Вот некоторые из впечатляющих возможностей:</p><div class='grid grid-cols-1 md:grid-cols-2 gap-4 mt-4'><div class='bg-space-800/60 p-4 rounded-lg border border-space-700'><h4 class='font-medium text-primary mb-2'>Распознавание и генерация изображений</h4><p>ИИ может не только определить содержание фотографии, но и создать изображение по текстовому описанию.</p></div><div class='bg-space-800/60 p-4 rounded-lg border border-space-700'><h4 class='font-medium text-primary mb-2'>Обработка естественного языка</h4><p>Перевод, анализ текста, генерация осмысленных ответов и даже создание художественной литературы.</p></div><div class='bg-space-800/60 p-4 rounded-lg border border-space-700'><h4 class='font-medium text-primary mb-2'>Решение сложных задач</h4><p>От игры в шахматы и го до моделирования белков и создания новых лекарств.</p></div><div class='bg-space-800/60 p-4 rounded-lg border border-space-700'><h4 class='font-medium text-primary mb-2'>Автономные системы</h4><p>Беспилотные автомобили, дроны и роботы, способные ориентироваться в реальном мире.</p></div></div>"
    },
    "quickTry": {
      "type": "interactive",
      "title": "Проверьте ваше понимание ИИ",
      "introduction": "<p>Давайте проверим ваше понимание основных концепций искусственного интеллекта через небольшие практические задания.</p>",
      "interactiveElements": [
        {
          "type": "quiz",
          "question": "Какое из следующих утверждений наиболее точно описывает искусственный интеллект?",
          "options": [
            {
              "id": "1",
              "text": "Компьютерная программа, которая может выполнять строго определенные задачи по заданному алгоритму",
              "isCorrect": false
            },
            {
              "id": "2",
              "text": "Система, имитирующая человеческое сознание и обладающая самосознанием",
              "isCorrect": false
            },
            {
              "id": "3",
              "text": "Область компьютерных наук, направленная на создание систем, способных выполнять задачи, требующие человеческого интеллекта",
              "isCorrect": true
            },
            {
              "id": "4",
              "text": "Технология, которая существует только в научной фантастике",
              "isCorrect": false
            }
          ],
          "explanation": "Искусственный интеллект — это область компьютерных наук, которая стремится создать системы, способные выполнять задачи, традиционно требующие человеческого интеллекта, такие как распознавание образов, понимание естественного языка, принятие решений и обучение."
        },
        {
          "type": "quiz",
          "question": "Какой период считается 'зимой ИИ'?",
          "options": [
            {
              "id": "1",
              "text": "Время, когда финансирование и интерес к исследованиям ИИ значительно снизились из-за завышенных ожиданий",
              "isCorrect": true
            },
            {
              "id": "2",
              "text": "Сезон, когда производительность систем ИИ снижается из-за климатических факторов",
              "isCorrect": false
            },
            {
              "id": "3",
              "text": "Период разработки холодных нейронных сетей с пониженным энергопотреблением",
              "isCorrect": false
            },
            {
              "id": "4",
              "text": "Время года, когда проводятся ключевые международные конференции по ИИ",
              "isCorrect": false
            }
          ],
          "explanation": "'Зима ИИ' — это термин, используемый для описания периодов, когда интерес и финансирование исследований искусственного интеллекта значительно сокращались из-за несбывшихся ожиданий. Основные 'зимы ИИ' пришлись на 1974-1980 и 1987-1993 годы. После каждой 'зимы' следовал новый подъем интереса, часто связанный с новыми подходами к решению проблем ИИ."
        },
        {
          "type": "practical",
          "title": "Классификация технологий ИИ",
          "instructions": "В этом задании вам нужно определить, к какому типу технологий ИИ относятся описанные примеры.",
          "taskDescription": "<p>Определите, к какой категории ИИ относятся следующие технологии:</p><ol><li>Система, играющая в шахматы на уровне гроссмейстера</li><li>Беспилотный автомобиль, распознающий дорожные знаки</li><li>Виртуальный помощник, который понимает и отвечает на вопросы пользователей</li><li>Система, анализирующая медицинские снимки для обнаружения заболеваний</li></ol><p>Категории для классификации: узкий ИИ (ANI), общий ИИ (AGI), сверхразум (ASI).</p>",
          "hints": [
            "Узкий ИИ (ANI) — это системы, созданные и обученные для выполнения конкретных задач, но не способные выйти за их рамки.",
            "Общий ИИ (AGI) — гипотетическая система, обладающая способностью понимать, обучаться и применять знания в широком спектре задач на уровне человека.",
            "Сверхразум (ASI) — гипотетический ИИ, превосходящий возможности человеческого интеллекта во всех аспектах."
          ]
        },
        {
          "type": "text",
          "content": "<div class='bg-indigo-900/30 border border-indigo-700 p-4 rounded-lg'><h4 class='text-indigo-400 font-medium mb-2'>Ключевые понятия этого урока:</h4><ul class='list-disc list-inside space-y-1 text-white/90'><li><strong>Искусственный интеллект (ИИ)</strong> — область компьютерных наук, направленная на создание систем, выполняющих задачи, требующие человеческого интеллекта</li><li><strong>Узкий ИИ (ANI)</strong> — системы, созданные для решения конкретных задач</li><li><strong>Общий ИИ (AGI)</strong> — гипотетический ИИ, способный решать любые интеллектуальные задачи на уровне человека</li><li><strong>Машинное обучение</strong> — подход, при котором системы обучаются на данных без явного программирования</li><li><strong>Глубокое обучение</strong> — вид машинного обучения, использующий многослойные нейронные сети</li></ul></div>"
        }
      ]
    },
    "reflect": {
      "title": "От теории к практике",
      "content": "<p>Мы познакомились с основными концепциями искусственного интеллекта, его историей развития и современными возможностями. Эти знания станут основой для понимания более сложных тем и практических применений ИИ.</p><h4 class='text-lg font-medium text-primary mt-4 mb-2'>Ключевые выводы:</h4><ul class='space-y-2'><li>Искусственный интеллект — обширная область науки с богатой историей и стремительным развитием в последнее десятилетие</li><li>Современные системы ИИ способны решать широкий спектр задач, но все еще относятся к категории узкого ИИ</li><li>Важно различать реальные возможности ИИ и распространенные мифы, формируемые в том числе популярной культурой</li></ul><h4 class='text-lg font-medium text-primary mt-4 mb-2'>Вопросы для размышления:</h4><ol class='list-decimal list-inside space-y-2'><li>Какие примеры использования ИИ вы встречаете в своей повседневной жизни?</li><li>Как вы думаете, возможно ли создание общего ИИ (AGI) в обозримом будущем?</li><li>Какие этические вопросы возникают с развитием все более сложных систем ИИ?</li></ol>"
    }
  }
}